{
  "project_info": {
    "project_number": "245766889151",
    "project_id": "crudedatabase",
    "storage_bucket": "crudedatabase.appspot.com"
  },
  "client": [
    {
      "client_info": {
        "mobilesdk_app_id": "1:245766889151:android:357947b561bb0e62bc300a",
        "android_client_info": {
          "package_name": "com.example.firebase_crude"
        }
      },
      "oauth_client": [
        {
          "client_id": "245766889151-eo3hhibv0srkrvnvhoklr1e36hj092nf.apps.googleusercontent.com",
          "client_type": 3
        }
      ],
      "api_key": [
        {
          "current_key": "AIzaSyCNX-LCkdPXm8X64rcYApyO103vcSuDc7s"
        }
      ],
      "services": {
        "appinvite_service": {
          "other_platform_oauth_client": [
            {
              "client_id": "245766889151-eo3hhibv0srkrvnvhoklr1e36hj092nf.apps.googleusercontent.com",
              "client_type": 3
            }
          ]
        }
      }
    }
  ],
  "configuration_version": "1"
}