{
  "project_info": {
    "project_number": "950029046970",
    "project_id": "fluttersecond-aed7c",
    "storage_bucket": "fluttersecond-aed7c.appspot.com"
  },
  "client": [
    {
      "client_info": {
        "mobilesdk_app_id": "1:950029046970:android:fb6fb616607c6244231e83",
        "android_client_info": {
          "package_name": "com.example.flutter_firebasenew"
        }
      },
      "oauth_client": [
        {
          "client_id": "950029046970-9iusqf3c0qcu3mnagnboranqgebtdr6t.apps.googleusercontent.com",
          "client_type": 3
        }
      ],
      "api_key": [
        {
          "current_key": "AIzaSyBxeymSr8DjNdLVSXET9jjLA_kP38z4VK0"
        }
      ],
      "services": {
        "appinvite_service": {
          "other_platform_oauth_client": [
            {
              "client_id": "950029046970-9iusqf3c0qcu3mnagnboranqgebtdr6t.apps.googleusercontent.com",
              "client_type": 3
            }
          ]
        }
      }
    }
  ],
  "configuration_version": "1"
}