{
  "project_info": {
    "project_number": "997448661008",
    "project_id": "deletexam-4d931",
    "storage_bucket": "deletexam-4d931.appspot.com"
  },
  "client": [
    {
      "client_info": {
        "mobilesdk_app_id": "1:997448661008:android:beb026cfe1514a9c6f3295",
        "android_client_info": {
          "package_name": "com.example.deletforexamiination"
        }
      },
      "oauth_client": [
        {
          "client_id": "997448661008-imm6g2mt662qldufu8cug7kk14embus2.apps.googleusercontent.com",
          "client_type": 3
        }
      ],
      "api_key": [
        {
          "current_key": "AIzaSyDzedkA0BasDNVZnEoFZm52t4X64PCD5qY"
        }
      ],
      "services": {
        "appinvite_service": {
          "other_platform_oauth_client": [
            {
              "client_id": "997448661008-imm6g2mt662qldufu8cug7kk14embus2.apps.googleusercontent.com",
              "client_type": 3
            }
          ]
        }
      }
    }
  ],
  "configuration_version": "1"
}