{
  "project_info": {
    "project_number": "980860487735",
    "project_id": "phoneverification-c6d01",
    "storage_bucket": "phoneverification-c6d01.appspot.com"
  },
  "client": [
    {
      "client_info": {
        "mobilesdk_app_id": "1:980860487735:android:2bd2d0f7dbf8efa8b7d7b2",
        "android_client_info": {
          "package_name": "com.example.phone_authentication"
        }
      },
      "oauth_client": [
        {
          "client_id": "980860487735-j9jh24165i4juu5truh3c9ceo5ul8ed5.apps.googleusercontent.com",
          "client_type": 3
        }
      ],
      "api_key": [
        {
          "current_key": "AIzaSyDHlOp17vwWpW-kTIut83MyWHUHxbNk090"
        }
      ],
      "services": {
        "appinvite_service": {
          "other_platform_oauth_client": [
            {
              "client_id": "980860487735-j9jh24165i4juu5truh3c9ceo5ul8ed5.apps.googleusercontent.com",
              "client_type": 3
            }
          ]
        }
      }
    }
  ],
  "configuration_version": "1"
}